{
    "menu": [
        {
            "navheader": "Akıllıphone Panel",
            "slug": ""
        },
        {
            "url": "home",
            "name": "Anasayfa",
            "icon": "home",
            "slug": "home"
        },
        {
            "navheader": "Ürün Yönetimi",
            "slug": ""
        },
        {
            "name": "Ürünler",
            "icon": "package",
            "slug": "",
            "submenu": [
                {
                    "url": "products/index",
                    "name": "Ürün Listesi",
                    "icon": "circle",
                    "slug": "collapsed-menu"
                },
                {
                    "url": "brands/index",
                    "name": "Marka Yönetimi",
                    "icon": "circle",
                    "slug": "collapsed-menu"
                },
                {
                    "url": "category/index",
                    "name": "Kategori Yönetimi",
                    "icon": "circle",
                    "slug": "collapsed-menu"
                },
                {
                    "url": "attributes/index",
                    "name": "Özellik Yönetimi",
                    "icon": "circle",
                    "slug": "collapsed-menu"
                },
                {
                    "url": "colors-sets/index",
                    "name": "Renk Setleri",
                    "icon": "circle",
                    "slug": "collapsed-menu"
                },
                {
                    "url": "taxes/index",
                    "name": "Vergi Yönetimi",
                    "icon": "circle",
                    "slug": "collapsed-menu"
                },
                {
                    "url": "units/index",
                    "name": "Ürün Birimleri",
                    "icon": "circle",
                    "slug": "collapsed-menu"
                },
                {
                    "url": "products/reviews",
                    "name": "Ürün Yorumları",
                    "icon": "circle",
                    "slug": "collapsed-menu"
                },
                {
                    "url": "products/questions",
                    "name": "Ürün Soruları",
                    "icon": "circle",
                    "slug": "collapsed-menu"
                }
            ]
        },
        {
            "navheader": "SİPARİŞ YÖNETİMİ",
            "slug": ""
        },
        {
            "url": "order/all",
            "name": "Siparişler",
            "icon": "shopping-cart",
            "slug": "home"
        },
        {
            "navheader": "KULLANICI YÖNETİMİ",
            "slug": ""
        },
        {
            "name": "Kullanıcılar",
            "icon": "users",
            "slug": "",
            "submenu": [
                {
                    "url": "users/list",
                    "name": "Listele",
                    "icon": "circle",
                    "slug": "collapsed-menu"
                },
                {
                    "url": "permissions/index",
                    "name": "Yetkiler",
                    "icon": "circle",
                    "slug": "collapsed-menu"
                },
                {
                    "url": "roles/index",
                    "name": "Roller",
                    "icon": "circle",
                    "slug": "collapsed-menu"
                }
            ]
        },
        {
            "navheader": "KAMPANYA YÖNETİMİ",
            "slug": ""
        },
        {
            "name": "Kampanyalar",
            "icon": "file",
            "slug": "",
            "submenu": [
                {
                    "url": "campaign/index",
                    "name": "Slayt Yönetimi",
                    "icon": "circle",
                    "slug": "collapsed-menu"
                }
            ]
        },
        {
            "navheader": "BAYİ YÖNETİMİ",
            "slug": ""
        },
        {
            "name": "Bayiler",
            "icon": "users",
            "slug": "",
            "url": "dealer/list"
        },
        {
            "navheader": "AYARLAR",
            "slug": ""
        },
        {
            "name": "Ayarlar",
            "icon": "settings",
            "slug": "",
            "submenu": [
                {
                    "url": "settings/general",
                    "name": "Genel Ayarlar",
                    "icon": "circle",
                    "slug": "collapsed-menu"
                },
                {
                    "url": "settings/seo",
                    "name": "Seo Ayarları",
                    "icon": "circle",
                    "slug": "collapsed-menu"
                },
                {
                    "url": "settings/notification",
                    "name": "Push Notification",
                    "icon": "circle",
                    "slug": "collapsed-menu"
                }
            ]
        }
    ]
}
