{
    "data": [
        {
            "responsive_id": "",
            "id": 1,
            "orderNo": 12345,
            "fullname": "John Doe",
            "email": "john.doe@gmail.com",
            "phone": "1234567890",
            "orderType": "standart",
            "customerType": "member",
            "orderDate": "2019-01-01",
            "paymentMethod": "credit card",
            "paymentStatus": "paid",
            "totalPrice": 100,
            "cargoProvider": "yurtici"
        },
        {
            "responsive_id": "",
            "id": 2,
            "orderNo": 12345,
            "fullname": "John Doe",
            "email": "john.doe@gmail.com",
            "phone": "1234567890",
            "orderType": "standart",
            "customerType": "member",
            "orderDate": "2019-01-01",
            "paymentMethod": "credit card",
            "paymentStatus": "paid",
            "totalPrice": 100,
            "cargoProvider": "yurtici"
        },
        {
            "responsive_id": "",
            "id": 3,
            "orderNo": 12345,
            "fullname": "John Doe",
            "email": "john.doe@gmail.com",
            "phone": "1234567890",
            "orderType": "standart",
            "customerType": "member",
            "orderDate": "2019-01-01",
            "paymentMethod": "credit card",
            "paymentStatus": "paid",
            "totalPrice": 100,
            "cargoProvider": "yurtici"
        },
        {
            "responsive_id": "",
            "id": 4,
            "orderNo": 12345,
            "fullname": "John Doe",
            "email": "john.doe@gmail.com",
            "phone": "1234567890",
            "orderType": "standart",
            "customerType": "member",
            "orderDate": "2019-01-01",
            "paymentMethod": "credit card",
            "paymentStatus": "paid",
            "totalPrice": 100,
            "cargoProvider": "yurtici"
        },
        {
            "responsive_id": "",
            "id": 5,
            "orderNo": 12345,
            "fullname": "John Doe",
            "email": "john.doe@gmail.com",
            "phone": "1234567890",
            "orderType": "standart",
            "customerType": "member",
            "orderDate": "2019-01-01",
            "paymentMethod": "credit card",
            "paymentStatus": "paid",
            "totalPrice": 100,
            "cargoProvider": "yurtici"
        }
    ]
}
