{
    "data": [
        {
            "responsive_id": "",
            "id": 1,
            "stockCode": 36061,
            "productName": "Hawell 15 inch Universal Evrak ve Laptop Çantası",
            "category": "#",
            "marka": "#",
            "stock": 43,
            "salePrice": 49.9,
            "listPrice": 34.9
        },
        {
            "responsive_id": "",
            "id": 2,
            "stockCode": 36061,
            "productName": "Hawell 15 inch Universal Evrak ve Laptop Çantası",
            "category": "#",
            "marka": "#",
            "stock": 43,
            "salePrice": 49.9,
            "listPrice": 34.9
        },
        {
            "responsive_id": "",
            "id": 3,
            "stockCode": 36061,
            "productName": "Hawell 15 inch Universal Evrak ve Laptop Çantası",
            "category": "#",
            "marka": "#",
            "stock": 43,
            "salePrice": 49.9,
            "listPrice": 34.9
        },
        {
            "responsive_id": "",
            "id": 4,
            "stockCode": 36061,
            "productName": "Hawell 15 inch Universal Evrak ve Laptop Çantası",
            "category": "#",
            "marka": "#",
            "stock": 43,
            "salePrice": 49.9,
            "listPrice": 34.9
        },
        {
            "responsive_id": "",
            "id": 5,
            "stockCode": 36061,
            "productName": "Hawell 15 inch Universal Evrak ve Laptop Çantası",
            "category": "#",
            "marka": "#",
            "stock": 43,
            "salePrice": 49.9,
            "listPrice": 34.9
        },
        {
            "responsive_id": "",
            "id": 6,
            "stockCode": 36061,
            "productName": "Hawell 15 inch Universal Evrak ve Laptop Çantası",
            "category": "#",
            "marka": "#",
            "stock": 43,
            "salePrice": 49.9,
            "listPrice": 34.9
        },
        {
            "responsive_id": "",
            "id": 7,
            "stockCode": 36061,
            "productName": "Hawell 15 inch Universal Evrak ve Laptop Çantası",
            "category": "#",
            "marka": "#",
            "stock": 43,
            "salePrice": 49.9,
            "listPrice": 34.9
        }
    ]
}
